start,end,community_name,date_time,Participant_gender,pas_survey,participation,participation_other,appliances,appliances/percolator,appliances/hot_plate,appliances/cooking_coils,appliances/oven,appliances/electric_stove,appliances/epc,appliances/blender,appliances/deep_fryer,appliances/rice_cooker,appliances/microwave,appliances/juicer,appliances/popcorn_machine,appliances/ice_cream_machine,appliances/other,appliances/none,Sensor_Type,Sensor_ID,Record_the_wiring_status_of_the_socket,rent_own,own_home,tenancy_length,How_many_people_live_e_including_yourself,income,yaka_connection,yaka_on_premises,yaka_shared,yaka_shared_number,reason_no_yaka,reason_no_yaka/meter_expensive,reason_no_yaka/electricity_expensive,reason_no_yaka/landlord_wont_allow,reason_no_yaka/someone_wont_allow,reason_no_yaka/not_my_property,reason_no_yaka/documents,reason_no_yaka/dont_understand_process,reason_no_yaka/waiting_for_connection,reason_no_yaka/dont_want_one,reason_no_yaka/other,reason_no_yaka_other,electricity_payment_to,electricity_payment_to/umeme,electricity_payment_to/landlord,electricity_payment_to/neighbor,electricity_payment_to/kamyufu,electricity_payment_to/other,electricity_payment_to/no_one,electricity_payment_to_other,connection_modality,cooking_with_electricity,cooking_with_electricity_yes_no,cooking_fuel_sources,cooking_fuel_sources/electricity,cooking_fuel_sources/charcoal,cooking_fuel_sources/firewood,cooking_fuel_sources/briquettes,cooking_fuel_sources/gas,cooking_fuel_sources/other,cooking_fuel_sources_other,electricity_used,electricity_fuel_likes,electricity_fuel_likes/cheap,electricity_fuel_likes/easy_to_get,electricity_fuel_likes/convenient,electricity_fuel_likes/good_taste,electricity_fuel_likes/traditional,electricity_fuel_likes/modern,electricity_fuel_likes/cooks_quickly,electricity_fuel_likes/cooks_right_amount,electricity_fuel_likes/good_smell,electricity_fuel_likes/safe,electricity_fuel_likes/clean,electricity_fuel_likes/familiarity,electricity_fuel_likes/sold_nearby,electricity_fuel_likes/right_quantities,electricity_fuel_likes/none,electricity_fuel_likes/other,electricity_fuel_likes_other,electricity_fuel_dislikes,electricity_fuel_dislikes/expensive,electricity_fuel_dislikes/sold_far,electricity_fuel_dislikes/poor_quality,electricity_fuel_dislikes/smoky,electricity_fuel_dislikes/not_convenient,electricity_fuel_dislikes/bad_taste,electricity_fuel_dislikes/cooks_slowly,electricity_fuel_dislikes/not_safe,electricity_fuel_dislikes/dirty,electricity_fuel_dislikes/wrong_quantities,electricity_fuel_dislikes/bad_smell,electricity_fuel_dislikes/unfamiliarity,electricity_fuel_dislikes/none,electricity_fuel_dislikes/other,electricity_fuel_dislikes_other,charcoal_used,charcoal_expense_unit,charcoal_fuel_expense,charcoal_fuel_purchase_frequency,charcoal_fuel_travel_time,charcoal_fuel_likes,charcoal_fuel_likes/cheap,charcoal_fuel_likes/easy_to_get,charcoal_fuel_likes/convenient,charcoal_fuel_likes/good_taste,charcoal_fuel_likes/traditional,charcoal_fuel_likes/modern,charcoal_fuel_likes/cooks_quickly,charcoal_fuel_likes/cooks_right_amount,charcoal_fuel_likes/good_smell,charcoal_fuel_likes/safe,charcoal_fuel_likes/clean,charcoal_fuel_likes/familiarity,charcoal_fuel_likes/sold_nearby,charcoal_fuel_likes/right_quantities,charcoal_fuel_likes/none,charcoal_fuel_likes/other,charcoal_fuel_likes_other,charcoal_fuel_dislikes,charcoal_fuel_dislikes/expensive,charcoal_fuel_dislikes/sold_far,charcoal_fuel_dislikes/poor_quality,charcoal_fuel_dislikes/smoky,charcoal_fuel_dislikes/not_convenient,charcoal_fuel_dislikes/bad_taste,charcoal_fuel_dislikes/cooks_slowly,charcoal_fuel_dislikes/not_safe,charcoal_fuel_dislikes/dirty,charcoal_fuel_dislikes/wrong_quantities,charcoal_fuel_dislikes/bad_smell,charcoal_fuel_dislikes/unfamiliarity,charcoal_fuel_dislikes/none,charcoal_fuel_dislikes/other,charcoal_fuel_dislikes_other,charcoal_cooking_location,charcoal_cooking_location/indoors,charcoal_cooking_location/outdoors,charcoal_cooking_location/separate_structure,charcoal_cooking_location/other,charcoal_cooking_location_other,firewood_used,firewood_expense_unit,firewood_fuel_expense,firewood_fuel_purchase_frequency,firewood_fuel_travel_time,firewood_fuel_likes,firewood_fuel_likes/cheap,firewood_fuel_likes/easy_to_get,firewood_fuel_likes/convenient,firewood_fuel_likes/good_taste,firewood_fuel_likes/traditional,firewood_fuel_likes/modern,firewood_fuel_likes/cooks_quickly,firewood_fuel_likes/cooks_right_amount,firewood_fuel_likes/good_smell,firewood_fuel_likes/safe,firewood_fuel_likes/clean,firewood_fuel_likes/familiarity,firewood_fuel_likes/sold_nearby,firewood_fuel_likes/right_quantities,firewood_fuel_likes/none,firewood_fuel_likes/other,firewood_fuel_likes_other,firewood_fuel_dislikes,firewood_fuel_dislikes/expensive,firewood_fuel_dislikes/sold_far,firewood_fuel_dislikes/poor_quality,firewood_fuel_dislikes/smoky,firewood_fuel_dislikes/not_convenient,firewood_fuel_dislikes/bad_taste,firewood_fuel_dislikes/cooks_slowly,firewood_fuel_dislikes/not_safe,firewood_fuel_dislikes/dirty,firewood_fuel_dislikes/wrong_quantities,firewood_fuel_dislikes/bad_smell,firewood_fuel_dislikes/unfamiliarity,firewood_fuel_dislikes/none,firewood_fuel_dislikes/other,firewood_fuel_dislikes_other,firewood_cooking_location,firewood_cooking_location/indoors,firewood_cooking_location/outdoors,firewood_cooking_location/separate_structure,firewood_cooking_location/other,firewood_cooking_location_other,briquettes_used,briquettes_expense_unit,briquettes_fuel_expense,briquettes_fuel_purchase_frequency,briquettes_fuel_travel_time,briquettes_fuel_likes,briquettes_fuel_likes/cheap,briquettes_fuel_likes/easy_to_get,briquettes_fuel_likes/convenient,briquettes_fuel_likes/good_taste,briquettes_fuel_likes/traditional,briquettes_fuel_likes/modern,briquettes_fuel_likes/cooks_quickly,briquettes_fuel_likes/cooks_right_amount,briquettes_fuel_likes/good_smell,briquettes_fuel_likes/safe,briquettes_fuel_likes/clean,briquettes_fuel_likes/familiarity,briquettes_fuel_likes/sold_nearby,briquettes_fuel_likes/right_quantities,briquettes_fuel_likes/none,briquettes_fuel_likes/other,briquettes_fuel_likes_other,briquettes_fuel_dislikes,briquettes_fuel_dislikes/expensive,briquettes_fuel_dislikes/sold_far,briquettes_fuel_dislikes/poor_quality,briquettes_fuel_dislikes/smoky,briquettes_fuel_dislikes/not_convenient,briquettes_fuel_dislikes/bad_taste,briquettes_fuel_dislikes/cooks_slowly,briquettes_fuel_dislikes/not_safe,briquettes_fuel_dislikes/dirty,briquettes_fuel_dislikes/wrong_quantities,briquettes_fuel_dislikes/bad_smell,briquettes_fuel_dislikes/unfamiliarity,briquettes_fuel_dislikes/none,briquettes_fuel_dislikes/other,briquettes_fuel_dislikes_other,briquettes_cooking_location,briquettes_cooking_location/indoors,briquettes_cooking_location/outdoors,briquettes_cooking_location/separate_structure,briquettes_cooking_location/other,briquettes_cooking_location_other,gas_used,gas_expense_unit,gas_fuel_expense,gas_fuel_purchase_frequency,gas_fuel_travel_time,gas_fuel_likes,gas_fuel_likes/cheap,gas_fuel_likes/easy_to_get,gas_fuel_likes/convenient,gas_fuel_likes/good_taste,gas_fuel_likes/traditional,gas_fuel_likes/modern,gas_fuel_likes/cooks_quickly,gas_fuel_likes/cooks_right_amount,gas_fuel_likes/good_smell,gas_fuel_likes/safe,gas_fuel_likes/clean,gas_fuel_likes/familiarity,gas_fuel_likes/sold_nearby,gas_fuel_likes/right_quantities,gas_fuel_likes/none,gas_fuel_likes/other,gas_fuel_likes_other,gas_fuel_dislikes,gas_fuel_dislikes/expensive,gas_fuel_dislikes/sold_far,gas_fuel_dislikes/poor_quality,gas_fuel_dislikes/smoky,gas_fuel_dislikes/not_convenient,gas_fuel_dislikes/bad_taste,gas_fuel_dislikes/cooks_slowly,gas_fuel_dislikes/not_safe,gas_fuel_dislikes/dirty,gas_fuel_dislikes/wrong_quantities,gas_fuel_dislikes/bad_smell,gas_fuel_dislikes/unfamiliarity,gas_fuel_dislikes/none,gas_fuel_dislikes/other,gas_fuel_dislikes_other,gas_cooking_location,gas_cooking_location/indoors,gas_cooking_location/outdoors,gas_cooking_location/separate_structure,gas_cooking_location/other,gas_cooking_location_other,other_used,other_expense_unit,other_fuel_expense,other_fuel_purchase_frequency,other_fuel_travel_time,other_fuel_likes,other_fuel_likes/cheap,other_fuel_likes/easy_to_get,other_fuel_likes/convenient,other_fuel_likes/good_taste,other_fuel_likes/traditional,other_fuel_likes/modern,other_fuel_likes/cooks_quickly,other_fuel_likes/cooks_right_amount,other_fuel_likes/good_smell,other_fuel_likes/safe,other_fuel_likes/clean,other_fuel_likes/familiarity,other_fuel_likes/sold_nearby,other_fuel_likes/right_quantities,other_fuel_likes/none,other_fuel_likes/other,other_fuel_likes_other,other_fuel_dislikes,other_fuel_dislikes/expensive,other_fuel_dislikes/sold_far,other_fuel_dislikes/poor_quality,other_fuel_dislikes/smoky,other_fuel_dislikes/not_convenient,other_fuel_dislikes/bad_taste,other_fuel_dislikes/cooks_slowly,other_fuel_dislikes/not_safe,other_fuel_dislikes/dirty,other_fuel_dislikes/wrong_quantities,other_fuel_dislikes/bad_smell,other_fuel_dislikes/unfamiliarity,other_fuel_dislikes/none,other_fuel_dislikes/other,other_fuel_dislikes_other,yaka_connection_001,yaka_on_premises_001,yaka_shared_001,yaka_shared_number_001,reason_no_yaka_001,reason_no_yaka_001/meter_expensive,reason_no_yaka_001/electricity_expensive,reason_no_yaka_001/landlord_wont_allow,reason_no_yaka_001/someone_wont_allow,reason_no_yaka_001/not_my_property,reason_no_yaka_001/documents,reason_no_yaka_001/dont_understand_process,reason_no_yaka_001/waiting_for_connection,reason_no_yaka_001/dont_want_one,reason_no_yaka_001/other,reason_no_yaka_other_001,electricity_payment_to_001,electricity_payment_to_001/umeme,electricity_payment_to_001/landlord,electricity_payment_to_001/neighbor,electricity_payment_to_001/kamyufu,electricity_payment_to_001/other,electricity_payment_to_001/no_one,electricity_payment_to_other_001,ability_reasons,ability_reasons/frequent_power_blackouts,ability_reasons/the_electricity_is_too_week_to,ability_reasons/fear_of_overloading_the_transf,ability_reasons/it_is_too_expensive_to_cook_wi,ability_reasons/my_landlord_does_not_allow_me_,ability_reasons/my_ability_to_cook_with_electr,ability_reasons/other,Ability_other,_id,_index
2023-03-30 09:21:57.462000+03:00,2023-03-30 09:37:18.105000+03:00,kyebando_kisalosalo,2023-03-30 09:21:00+03:00,female,no,,,percolator hot_plate blender,1,1,0,0,0,0,1,0,0,0,0,0,0,0,0,a2ei,202086001249,,rent,business_and_home,4,1,600,no,,,,not_my_property,0,0,0,0,1,0,0,0,0,0,,kamyufu,0,0,0,1,0,0,,e,yes,1,charcoal,0,1,0,0,0,0,,,cheap cooks_quickly convenient clean,1,0,1,0,0,0,1,0,0,0,1,0,0,0,0,0,,other,0,0,0,0,0,0,0,0,0,0,0,0,0,1,Unpredictable. Can go off anytime ,,month,1,0,0,other,0,0,0,0,0,0,0,0,0,0,0,0,0,0,0,1,Predictable ,smoky dirty expensive,1,0,0,1,0,0,0,0,1,0,0,0,0,0,,indoors outdoors,1,1,0,0,,,,,,,,,,,,,,,,,,,,,,,,,,,,,,,,,,,,,,,,,,,,,,,,,,,,,,,,,,,,,,,,,,,,,,,,,,,,,,,,,,,,,,,,,,,,,,,,,,,,,,,,,,,,,,,,,,,,,,,,,,,,,,,,,,,,,,,,,,,,,,,,,,,,,,,,,,,,,,,,,,,,,,,,,,,,,,,,,,,,,,,,,,,,,,,,,,,,,,,,,,,,,,,,,229001986,1
2023-03-30 10:37:58.715000+03:00,2023-04-04 08:17:15.637000+03:00,kyebando_kisalosalo,2023-03-30 10:37:00+03:00,male,yes,wiring_inspection,,cooking_coils,0,0,1,0,0,0,0,0,0,0,0,0,0,0,0,a2ei,202086001270,,,,,,,,,,,,,,,,,,,,,,,,,,,,,,,,yes,1,charcoal,0,1,0,0,0,0,,,convenient,0,0,1,0,0,0,0,0,0,0,0,0,0,0,0,0,,other,0,0,0,0,0,0,0,0,0,0,0,0,0,1,Unreliable,,week,4,2,20,other,0,0,0,0,0,0,0,0,0,0,0,0,0,0,0,1,"At peak time, electricity gets weak. Charcoal once lit doesn't  reduce unpredictably",smoky,0,0,0,1,0,0,0,0,0,0,0,0,0,0,,separate_structure,0,0,1,0,,,,,,,,,,,,,,,,,,,,,,,,,,,,,,,,,,,,,,,,,,,,,,,,,,,,,,,,,,,,,,,,,,,,,,,,,,,,,,,,,,,,,,,,,,,,,,,,,,,,,,,,,,,,,,,,,,,,,,,,,,,,,,,,,,,,,,,,,,,,,,,,,,,,,,,,,,,,,,,,,,,,,,,,,,,,,,,,,,,,,,,,,,,,,,,,,,,,,,,,,,,,,,,,,229001989,2
2023-03-30 11:23:04.780000+03:00,2023-03-30 11:28:32.674000+03:00,kyebando_kisalosalo,2023-03-30 11:23:00+03:00,female,yes,wiring_inspection,,blender,0,0,0,0,0,0,1,0,0,0,0,0,0,0,0,kosko,EM-073,,,,,,,,,,,,,,,,,,,,,,,,,,,,,,,,yes,1,charcoal,0,1,0,0,0,0,,,cooks_quickly,0,0,0,0,0,0,1,0,0,0,0,0,0,0,0,0,,other,0,0,0,0,0,0,0,0,0,0,0,0,0,1,Dangerous ,,day,2,1,20,traditional safe,0,0,0,0,1,0,0,0,0,1,0,0,0,0,0,0,,expensive dirty,1,0,0,0,0,0,0,0,1,0,0,0,0,0,,outdoors indoors,1,1,0,0,,,,,,,,,,,,,,,,,,,,,,,,,,,,,,,,,,,,,,,,,,,,,,,,,,,,,,,,,,,,,,,,,,,,,,,,,,,,,,,,,,,,,,,,,,,,,,,,,,,,,,,,,,,,,,,,,,,,,,,,,,,,,,,,,,,,,,,,,,,,,,,,,,,,,,,,,,,,,,,,,,,,,,,,,,,,,,,,,,,,,,,,,,,,,,,,,,,,,,,,,,,,,,,,,229001993,3
2023-03-30 12:04:01.968000+03:00,2023-03-30 20:30:44.176000+03:00,kyebando_kisalosalo,2023-03-30 12:04:00+03:00,female,yes,wiring_inspection,,percolator,1,0,0,0,0,0,0,0,0,0,0,0,0,0,0,a2ei,202086001306,,,,,,,,,,,,,,,,,,,,,,,,,,,,,,,,yes,1,charcoal gas,0,1,0,0,1,0,,,cooks_quickly,0,0,0,0,0,0,1,0,0,0,0,0,0,0,0,0,,expensive other,1,0,0,0,0,0,0,0,0,0,0,0,0,1,Unreliable,,week,2,2,10,convenient,0,0,1,0,0,0,0,0,0,0,0,0,0,0,0,0,,expensive smoky dirty,1,0,0,1,0,0,0,0,1,0,0,0,0,0,,outdoors,0,1,0,0,,,,,,,,,,,,,,,,,,,,,,,,,,,,,,,,,,,,,,,,,,,,,,,,,,,,,,,,,,,,,,,,,,,,,,,,,,,,,,,,,,,,,,,,,,,,,month,25000,0,3000,cooks_quickly clean,0,0,0,0,0,0,1,0,0,0,1,0,0,0,0,0,,other,0,0,0,0,0,0,0,0,0,0,0,0,0,1,Dangerous,indoors,1,0,0,0,,,,,,,,,,,,,,,,,,,,,,,,,,,,,,,,,,,,,,,,,,,,,,,,,,,,,,,,,,,,,,,,,,,,,,,,,,229001996,4
2023-03-30 12:37:24.736000+03:00,2023-03-30 12:44:03.566000+03:00,kyebando_kisalosalo,2023-03-30 12:37:00+03:00,male,yes,cooking_survey,,cooking_coils percolator,1,0,1,0,0,0,0,0,0,0,0,0,0,0,0,kosko,EM-100,,,,,,,,,,,,,,,,,,,,,,,,,,,,,,,,,,,,,,,,,,,,,,,,,,,,,,,,,,,,,,,,,,,,,,,,,,,,,,,,,,,,,,,,,,,,,,,,,,,,,,,,,,,,,,,,,,,,,,,,,,,,,,,,,,,,,,,,,,,,,,,,,,,,,,,,,,,,,,,,,,,,,,,,,,,,,,,,,,,,,,,,,,,,,,,,,,,,,,,,,,,,,,,,,,,,,,,,,,,,,,,,,,,,,,,,,,,,,,,,,,,,,,,,,,,,,,,,,,,,,,,,,,,,,,,,,,,,,,,,,,,,,,,,,,,,,,,,,,,,,,,,,,,,,,,,,,,,,,,,,,,,,,,,,229002000,5
2023-03-31 09:43:15.602000+03:00,2023-03-31 09:48:28.680000+03:00,makerere_3,2023-03-31 09:43:00+03:00,female,yes,wiring_inspection,,cooking_coils,0,0,1,0,0,0,0,0,0,0,0,0,0,0,0,a2ei,202086001242,,,,,,,,,,,,,,,,,,,,,,,,,,,,,,,,yes,1,charcoal,0,1,0,0,0,0,,,cooks_quickly,0,0,0,0,0,0,1,0,0,0,0,0,0,0,0,0,,other,0,0,0,0,0,0,0,0,0,0,0,0,0,1,"It can shock. So, she doesn't use over  the weekend ",,month,25,1,20,good_taste,0,0,0,1,0,0,0,0,0,0,0,0,0,0,0,0,,dirty,0,0,0,0,0,0,0,0,1,0,0,0,0,0,,indoors,1,0,0,0,,,,,,,,,,,,,,,,,,,,,,,,,,,,,,,,,,,,,,,,,,,,,,,,,,,,,,,,,,,,,,,,,,,,,,,,,,,,,,,,,,,,,,,,,,,,,,,,,,,,,,,,,,,,,,,,,,,,,,,,,,,,,,,,,,,,,,,,,,,,,,,,,,,,,,,,,,,,,,,,,,,,,,,,,,,,,,,,,,,,,,,,,,,,,,,,,,,,,,,,,,,,,,,,,229278832,6
2023-03-31 10:07:11.296000+03:00,2023-03-31 10:13:24.015000+03:00,makerere_3,2023-03-31 10:07:00+03:00,female,yes,wiring_inspection,,percolator,1,0,0,0,0,0,0,0,0,0,0,0,0,0,0,kosko,EM-071,,,,,,,,,,,,,,,,,,,,,,,,,,,,,,,,yes,1,charcoal,0,1,0,0,0,0,,,cheap,1,0,0,0,0,0,0,0,0,0,0,0,0,0,0,0,,smoky other,0,0,0,1,0,0,0,0,0,0,0,0,0,1,It sometimes becomes too weak to cook,,day,2,1,10,traditional,0,0,0,0,1,0,0,0,0,0,0,0,0,0,0,0,,cooks_slowly expensive,1,0,0,0,0,0,1,0,0,0,0,0,0,0,,indoors,1,0,0,0,,,,,,,,,,,,,,,,,,,,,,,,,,,,,,,,,,,,,,,,,,,,,,,,,,,,,,,,,,,,,,,,,,,,,,,,,,,,,,,,,,,,,,,,,,,,,,,,,,,,,,,,,,,,,,,,,,,,,,,,,,,,,,,,,,,,,,,,,,,,,,,,,,,,,,,,,,,,,,,,,,,,,,,,,,,,,,,,,,,,,,,,,,,,,,,,,,,,,,,,,,,,,,,,,229278833,7
2023-03-31 10:53:51.684000+03:00,2023-03-31 11:02:01.280000+03:00,makerere_3,2023-03-31 10:53:00+03:00,female,no,,,cooking_coils,0,0,1,0,0,0,0,0,0,0,0,0,0,0,0,a2ei,202086001218,,rent,home,4,8,200,no,,,,other,0,0,0,0,0,0,0,0,0,1,They didn't get yaka from the government project,kamyufu,0,0,0,1,0,0,,e,yes,1,charcoal firewood,0,1,1,0,0,0,,,cooks_quickly,0,0,0,0,0,0,1,0,0,0,0,0,0,0,0,0,,other,0,0,0,0,0,0,0,0,0,0,0,0,0,1,Fear for electrocution ,,week,2,3,6,good_taste,0,0,0,1,0,0,0,0,0,0,0,0,0,0,0,0,,other,0,0,0,0,0,0,0,0,0,0,0,0,0,1,Takes long to light,outdoors,0,1,0,0,,,month,999,999,0,cooks_quickly,0,0,0,0,0,0,1,0,0,0,0,0,0,0,0,0,,smoky,0,0,0,1,0,0,0,0,0,0,0,0,0,0,,outdoors,0,1,0,0,,,,,,,,,,,,,,,,,,,,,,,,,,,,,,,,,,,,,,,,,,,,,,,,,,,,,,,,,,,,,,,,,,,,,,,,,,,,,,,,,,,,,,,,,,,,,,,,,,,,,,,,,,,,,,,,,,,,,,,,,,,,,,,,,,,,,,,,,,,,,,,,,,,,,,,,,,,,,,,,,,,,229278835,8
2023-03-31 11:51:27.648000+03:00,2023-03-31 12:02:50.689000+03:00,makerere_3,2023-03-31 11:51:00+03:00,male,yes,wiring_inspection,,percolator hot_plate,1,1,0,0,0,0,0,0,0,0,0,0,0,0,0,a2ei,202086001244,,,,,,,,,,,,,,,,,,,,,,,,,,,,,,,,yes,1,charcoal,0,1,0,0,0,0,,,convenient,0,0,1,0,0,0,0,0,0,0,0,0,0,0,0,0,,expensive,1,0,0,0,0,0,0,0,0,0,0,0,0,0,,,month,55000,1,0,cheap,1,0,0,0,0,0,0,0,0,0,0,0,0,0,0,0,,dirty,0,0,0,0,0,0,0,0,1,0,0,0,0,0,,indoors outdoors,1,1,0,0,,,,,,,,,,,,,,,,,,,,,,,,,,,,,,,,,,,,,,,,,,,,,,,,,,,,,,,,,,,,,,,,,,,,,,,,,,,,,,,,,,,,,,,,,,,,,,,,,,,,,,,,,,,,,,,,,,,,,,,,,,,,,,,,,,,,,,,,,,,,,,,,,,,,,,,,,,,,,,,,,,,,,,,,,,,,,,,,,,,,,,,,,,,,,,,,,,,,,,,,,,,,,,,,,229278837,9
2023-03-31 12:03:00.583000+03:00,2023-03-31 12:10:15.799000+03:00,makerere_3,2023-03-31 12:03:00+03:00,male,no,,,percolator,1,0,0,0,0,0,0,0,0,0,0,0,0,0,0,kosko,EM-064,,rent,home,2,1,600,no,,,,not_my_property,0,0,0,0,1,0,0,0,0,0,,kamyufu,0,0,0,1,0,0,,e,yes,1,other,0,0,0,0,0,1,None,,cheap cooks_quickly clean,1,0,0,0,0,0,1,0,0,0,1,0,0,0,0,0,,not_safe,0,0,0,0,0,0,0,1,0,0,0,0,0,0,,,,,,,,,,,,,,,,,,,,,,,,,,,,,,,,,,,,,,,,,,,,,,,,,,,,,,,,,,,,,,,,,,,,,,,,,,,,,,,,,,,,,,,,,,,,,,,,,,,,,,,,,,,,,,,,,,,,,,,,,,,,,,,,,,,,,,,,,,,,,,,,,,,,,,,,,,,,,,,,,,,,,,,,,,,,,,,,,,,,,,,month,999,999,999,other,0,0,0,0,0,0,0,0,0,0,0,0,0,0,0,1,Nor applicable,other,0,0,0,0,0,0,0,0,0,0,0,0,0,1,Not applicable ,,,,,,,,,,,,,,,,,,,,,,,,,,,,,,,,,,229278838,10
2023-03-31 15:02:26.807000+03:00,2023-03-31 15:08:23.333000+03:00,makerere_3,2023-03-31 15:02:00+03:00,male,no,,,percolator cooking_coils,1,0,1,0,0,0,0,0,0,0,0,0,0,0,0,a2ei,202086001222,,rent,home,7,1,100,no,,,,not_my_property,0,0,0,0,1,0,0,0,0,0,,kamyufu,0,0,0,1,0,0,,e,yes,1,other,0,0,0,0,0,1,None ,,cheap cooks_quickly,1,0,0,0,0,0,1,0,0,0,0,0,0,0,0,0,,none,0,0,0,0,0,0,0,0,0,0,0,0,1,0,,,,,,,,,,,,,,,,,,,,,,,,,,,,,,,,,,,,,,,,,,,,,,,,,,,,,,,,,,,,,,,,,,,,,,,,,,,,,,,,,,,,,,,,,,,,,,,,,,,,,,,,,,,,,,,,,,,,,,,,,,,,,,,,,,,,,,,,,,,,,,,,,,,,,,,,,,,,,,,,,,,,,,,,,,,,,,,,,,,,,,,month,999,999,999,none,0,0,0,0,0,0,0,0,0,0,0,0,0,0,1,0,,none,0,0,0,0,0,0,0,0,0,0,0,0,1,0,,,,,,,,,,,,,,,,,,,,,,,,,,,,,,,,,,,229278840,11
2023-04-03 10:30:00.240000+03:00,2023-04-03 10:36:07.491000+03:00,kibuye_1,2023-04-03 10:30:00+03:00,female,yes,cooking_survey,,percolator,1,0,0,0,0,0,0,0,0,0,0,0,0,0,0,kosko,em-104,,,,,,,,,,,,,,,,,,,,,,,,,,,,,,,,,,,,,,,,,,,,,,,,,,,,,,,,,,,,,,,,,,,,,,,,,,,,,,,,,,,,,,,,,,,,,,,,,,,,,,,,,,,,,,,,,,,,,,,,,,,,,,,,,,,,,,,,,,,,,,,,,,,,,,,,,,,,,,,,,,,,,,,,,,,,,,,,,,,,,,,,,,,,,,,,,,,,,,,,,,,,,,,,,,,,,,,,,,,,,,,,,,,,,,,,,,,,,,,,,,,,,,,,,,,,,,,,,,,,,,,,,,,,,,,,,,,,,,,,,,,,,,,,,,,,,,,,,,,,,,,,,,,,,,,,,,,,,,,,,,,,,,,,,229831193,12
2023-04-03 11:02:29.152000+03:00,2023-04-03 11:07:59.504000+03:00,kibuye_1,2023-04-03 11:02:00+03:00,female,yes,wiring_inspection,,cooking_coils,0,0,1,0,0,0,0,0,0,0,0,0,0,0,0,a2ei,202086001217,,,,,,,,,,,,,,,,,,,,,,,,,,,,,,,,yes,1,charcoal,0,1,0,0,0,0,,,cheap cooks_quickly clean safe,1,0,0,0,0,0,1,0,0,1,1,0,0,0,0,0,,none,0,0,0,0,0,0,0,0,0,0,0,0,1,0,,,week,1,1,3,none,0,0,0,0,0,0,0,0,0,0,0,0,0,0,1,0,,expensive smoky dirty,1,0,0,1,0,0,0,0,1,0,0,0,0,0,,outdoors,0,1,0,0,,,,,,,,,,,,,,,,,,,,,,,,,,,,,,,,,,,,,,,,,,,,,,,,,,,,,,,,,,,,,,,,,,,,,,,,,,,,,,,,,,,,,,,,,,,,,,,,,,,,,,,,,,,,,,,,,,,,,,,,,,,,,,,,,,,,,,,,,,,,,,,,,,,,,,,,,,,,,,,,,,,,,,,,,,,,,,,,,,,,,,,,,,,,,,,,,,,,,,,,,,,,,,,,,229831197,13
2023-04-03 12:19:23.049000+03:00,2023-04-03 12:23:37.493000+03:00,kibuye_1,2023-04-03 12:19:00+03:00,female,yes,cooking_survey,,hot_plate percolator,1,1,0,0,0,0,0,0,0,0,0,0,0,0,0,a2ei,202086001292,,,,,,,,,,,,,,,,,,,,,,,,,,,,,,,,,,,,,,,,,,,,,,,,,,,,,,,,,,,,,,,,,,,,,,,,,,,,,,,,,,,,,,,,,,,,,,,,,,,,,,,,,,,,,,,,,,,,,,,,,,,,,,,,,,,,,,,,,,,,,,,,,,,,,,,,,,,,,,,,,,,,,,,,,,,,,,,,,,,,,,,,,,,,,,,,,,,,,,,,,,,,,,,,,,,,,,,,,,,,,,,,,,,,,,,,,,,,,,,,,,,,,,,,,,,,,,,,,,,,,,,,,,,,,,,,,,,,,,,,,,,,,,,,,,,,,,,,,,,,,,,,,,,,,,,,,,,,,,,,,,,,,,,,,229831202,14
2023-04-03 12:45:06.904000+03:00,2023-04-03 12:50:54.634000+03:00,kibuye_1,2023-04-03 12:45:00+03:00,female,yes,wiring_inspection,,percolator,1,0,0,0,0,0,0,0,0,0,0,0,0,0,0,kosko,EM-070,,,,,,,,,,,,,,,,,,,,,,,,,,,,,,,,yes,1,charcoal,0,1,0,0,0,0,,,clean,0,0,0,0,0,0,0,0,0,0,1,0,0,0,0,0,,other,0,0,0,0,0,0,0,0,0,0,0,0,0,1,Gets off a lot,,day,2,1,3,none,0,0,0,0,0,0,0,0,0,0,0,0,0,0,1,0,,dirty,0,0,0,0,0,0,0,0,1,0,0,0,0,0,,outdoors,0,1,0,0,,,,,,,,,,,,,,,,,,,,,,,,,,,,,,,,,,,,,,,,,,,,,,,,,,,,,,,,,,,,,,,,,,,,,,,,,,,,,,,,,,,,,,,,,,,,,,,,,,,,,,,,,,,,,,,,,,,,,,,,,,,,,,,,,,,,,,,,,,,,,,,,,,,,,,,,,,,,,,,,,,,,,,,,,,,,,,,,,,,,,,,,,,,,,,,,,,,,,,,,,,,,,,,,,229831207,15
2023-04-03 10:06:05.050000+03:00,2023-04-03 10:11:36.931000+03:00,kibuye_1,2023-04-03 10:06:00+03:00,female,yes,cooking_survey,,percolator hot_plate,1,1,0,0,0,0,0,0,0,0,0,0,0,0,0,a2ei,202086001314,,,,,,,,,,,,,,,,,,,,,,,,,,,,,,,,,,,,,,,,,,,,,,,,,,,,,,,,,,,,,,,,,,,,,,,,,,,,,,,,,,,,,,,,,,,,,,,,,,,,,,,,,,,,,,,,,,,,,,,,,,,,,,,,,,,,,,,,,,,,,,,,,,,,,,,,,,,,,,,,,,,,,,,,,,,,,,,,,,,,,,,,,,,,,,,,,,,,,,,,,,,,,,,,,,,,,,,,,,,,,,,,,,,,,,,,,,,,,,,,,,,,,,,,,,,,,,,,,,,,,,,,,,,,,,,,,,,,,,,,,,,,,,,,,,,,,,,,,,,,,,,,,,,,,,,,,,,,,,,,,,,,,,,,,229831224,16
2023-04-04 10:28:46.369000+03:00,2023-04-04 10:33:14.114000+03:00,banda,2023-04-04 10:28:00+03:00,female,yes,cooking_survey,,cooking_coils percolator,1,0,1,0,0,0,0,0,0,0,0,0,0,0,0,a2ei,202086001264,,,,,,,,,,,,,,,,,,,,,,,,,,,,,,,,,,,,,,,,,,,,,,,,,,,,,,,,,,,,,,,,,,,,,,,,,,,,,,,,,,,,,,,,,,,,,,,,,,,,,,,,,,,,,,,,,,,,,,,,,,,,,,,,,,,,,,,,,,,,,,,,,,,,,,,,,,,,,,,,,,,,,,,,,,,,,,,,,,,,,,,,,,,,,,,,,,,,,,,,,,,,,,,,,,,,,,,,,,,,,,,,,,,,,,,,,,,,,,,,,,,,,,,,,,,,,,,,,,,,,,,,,,,,,,,,,,,,,,,,,,,,,,,,,,,,,,,,,,,,,,,,,,,,,,,,,,,,,,,,,,,,,,,,,230125820,17
2023-04-04 11:03:34.150000+03:00,2023-04-04 11:12:37.622000+03:00,banda,2023-04-04 11:03:00+03:00,female,yes,cooking_survey,,deep_fryer,0,0,0,0,0,0,0,1,0,0,0,0,0,0,0,kosko,EM-075,,,,,,,,,,,,,,,,,,,,,,,,,,,,,,,,,,,,,,,,,,,,,,,,,,,,,,,,,,,,,,,,,,,,,,,,,,,,,,,,,,,,,,,,,,,,,,,,,,,,,,,,,,,,,,,,,,,,,,,,,,,,,,,,,,,,,,,,,,,,,,,,,,,,,,,,,,,,,,,,,,,,,,,,,,,,,,,,,,,,,,,,,,,,,,,,,,,,,,,,,,,,,,,,,,,,,,,,,,,,,,,,,,,,,,,,,,,,,,,,,,,,,,,,,,,,,,,,,,,,,,,,,,,,,,,,,,,,,,,,,,,,,,,,,,,,,,,,,,,,,,,,,,,,,,,,,,,,,,,,,,,,,,,,,230125823,18
2023-04-04 11:31:18.190000+03:00,2023-04-04 11:39:48.120000+03:00,banda,2023-04-04 11:31:00+03:00,female,no,,,deep_fryer,0,0,0,0,0,0,0,1,0,0,0,0,0,0,0,kosko,EM-066,,rent,business_and_home,6,1,500,no,,,,not_my_property,0,0,0,0,1,0,0,0,0,0,,kamyufu,0,0,0,1,0,0,,e,yes,1,charcoal,0,1,0,0,0,0,,,cheap,1,0,0,0,0,0,0,0,0,0,0,0,0,0,0,0,,other,0,0,0,0,0,0,0,0,0,0,0,0,0,1,Frequent outage,,day,15,1,30,other,0,0,0,0,0,0,0,0,0,0,0,0,0,0,0,1,Doesn't have coils and other appliances ,dirty,0,0,0,0,0,0,0,0,1,0,0,0,0,0,,outdoors,0,1,0,0,,,,,,,,,,,,,,,,,,,,,,,,,,,,,,,,,,,,,,,,,,,,,,,,,,,,,,,,,,,,,,,,,,,,,,,,,,,,,,,,,,,,,,,,,,,,,,,,,,,,,,,,,,,,,,,,,,,,,,,,,,,,,,,,,,,,,,,,,,,,,,,,,,,,,,,,,,,,,,,,,,,,,,,,,,,,,,,,,,,,,,,,,,,,,,,,,,,,,,,,,,,,,,,,,230125827,19
2023-04-04 12:16:16.093000+03:00,2023-04-04 12:21:02.375000+03:00,banda,2023-04-04 12:16:00+03:00,male,yes,cooking_survey,,percolator cooking_coils,1,0,1,0,0,0,0,0,0,0,0,0,0,0,0,a2ei,202086001227,,,,,,,,,,,,,,,,,,,,,,,,,,,,,,,,,,,,,,,,,,,,,,,,,,,,,,,,,,,,,,,,,,,,,,,,,,,,,,,,,,,,,,,,,,,,,,,,,,,,,,,,,,,,,,,,,,,,,,,,,,,,,,,,,,,,,,,,,,,,,,,,,,,,,,,,,,,,,,,,,,,,,,,,,,,,,,,,,,,,,,,,,,,,,,,,,,,,,,,,,,,,,,,,,,,,,,,,,,,,,,,,,,,,,,,,,,,,,,,,,,,,,,,,,,,,,,,,,,,,,,,,,,,,,,,,,,,,,,,,,,,,,,,,,,,,,,,,,,,,,,,,,,,,,,,,,,,,,,,,,,,,,,,,,230125829,20
2023-04-05 09:44:33.073000+03:00,2023-04-05 09:53:05.848000+03:00,lubya,2023-04-05 09:44:00+03:00,female,yes,wiring_inspection,,percolator,1,0,0,0,0,0,0,0,0,0,0,0,0,0,0,kosko,EM-101,,,,,,,,,,,,,,,,,,,,,,,,,,,,,,,,yes,1,charcoal,0,1,0,0,0,0,,,cooks_quickly,0,0,0,0,0,0,1,0,0,0,0,0,0,0,0,0,,other,0,0,0,0,0,0,0,0,0,0,0,0,0,1,Fear of electric shock ,,day,3000,1,5,cheap,1,0,0,0,0,0,0,0,0,0,0,0,0,0,0,0,,cooks_slowly,0,0,0,0,0,0,1,0,0,0,0,0,0,0,,outdoors,0,1,0,0,,,,,,,,,,,,,,,,,,,,,,,,,,,,,,,,,,,,,,,,,,,,,,,,,,,,,,,,,,,,,,,,,,,,,,,,,,,,,,,,,,,,,,,,,,,,,,,,,,,,,,,,,,,,,,,,,,,,,,,,,,,,,,,,,,,,,,,,,,,,,,,,,,,,,,,,,,,,,,,,,,,,,,,,,,,,,,,,,,,,,,,,,,,,,,,,,,,,,,,,,,,,,,,,,230354784,21
2023-04-05 10:51:46.039000+03:00,2023-04-05 10:55:33.719000+03:00,lubya,2023-04-05 10:51:00+03:00,male,yes,wiring_inspection,,percolator,1,0,0,0,0,0,0,0,0,0,0,0,0,0,0,kosko,EM-105,,,,,,,,,,,,,,,,,,,,,,,,,,,,,,,,yes,1,charcoal,0,1,0,0,0,0,,,cooks_quickly,0,0,0,0,0,0,1,0,0,0,0,0,0,0,0,0,,expensive,1,0,0,0,0,0,0,0,0,0,0,0,0,0,,,day,2000,1,0,none,0,0,0,0,0,0,0,0,0,0,0,0,0,0,1,0,,dirty,0,0,0,0,0,0,0,0,1,0,0,0,0,0,,outdoors,0,1,0,0,,,,,,,,,,,,,,,,,,,,,,,,,,,,,,,,,,,,,,,,,,,,,,,,,,,,,,,,,,,,,,,,,,,,,,,,,,,,,,,,,,,,,,,,,,,,,,,,,,,,,,,,,,,,,,,,,,,,,,,,,,,,,,,,,,,,,,,,,,,,,,,,,,,,,,,,,,,,,,,,,,,,,,,,,,,,,,,,,,,,,,,,,,,,,,,,,,,,,,,,,,,,,,,,,230354786,22
2023-04-18 10:21:39.108000+03:00,2023-04-18 20:40:15.367000+03:00,katwe_2,2023-04-18 10:21:00+03:00,male,no,,,percolator,1,0,0,0,0,0,0,0,0,0,0,0,0,0,0,a2ei,202086000460,open_ground,rent,business_and_home,36,4,1000,no,,,,meter_expensive electricity_expensive,1,1,0,0,0,0,0,0,0,0,,kamyufu,0,0,0,1,0,0,,e,yes,1,charcoal,0,1,0,0,0,0,,,convenient clean,0,0,1,0,0,0,0,0,0,0,1,0,0,0,0,0,,expensive,1,0,0,0,0,0,0,0,0,0,0,0,0,0,,,week,8,2,10,cheap easy_to_get cooks_right_amount,1,1,0,0,0,0,0,1,0,0,0,0,0,0,0,0,,smoky dirty,0,0,0,1,0,0,0,0,1,0,0,0,0,0,,outdoors,0,1,0,0,,,,,,,,,,,,,,,,,,,,,,,,,,,,,,,,,,,,,,,,,,,,,,,,,,,,,,,,,,,,,,,,,,,,,,,,,,,,,,,,,,,,,,,,,,,,,,,,,,,,,,,,,,,,,,,,,,,,,,,,,,,,,,,,,,,,,,,,,,,,,,,,,,,,,,,,,,,,,,,,,,,,,,,,,,,,,,,,,,,,,,,,,,,,,,,,,,,,,,,,,,,,,,,,,232760721,23
2023-04-18 11:02:12.176000+03:00,2023-04-18 20:45:59.683000+03:00,katwe_2,2023-04-18 11:02:00+03:00,male,no,,,percolator cooking_coils,1,0,1,0,0,0,0,0,0,0,0,0,0,0,0,kosko,EM-069,open_ground,rent,business_and_home,2,2,600,yes,yes,yes,8,,,,,,,,,,,,,landlord,0,1,0,0,0,0,,d,yes,1,charcoal,0,1,0,0,0,0,,,convenient clean,0,0,1,0,0,0,0,0,0,0,1,0,0,0,0,0,,expensive,1,0,0,0,0,0,0,0,0,0,0,0,0,0,,,day,4,1,10,cheap easy_to_get convenient,1,1,1,0,0,0,0,0,0,0,0,0,0,0,0,0,,smoky,0,0,0,1,0,0,0,0,0,0,0,0,0,0,,outdoors,0,1,0,0,,,,,,,,,,,,,,,,,,,,,,,,,,,,,,,,,,,,,,,,,,,,,,,,,,,,,,,,,,,,,,,,,,,,,,,,,,,,,,,,,,,,,,,,,,,,,,,,,,,,,,,,,,,,,,,,,,,,,,,,,,,,,,,,,,,,,,,,,,,,,,,,,,,,,,,,,,,,,,,,,,,,,,,,,,,,,,,,,,,,,,,,,,,,,,,,,,,,,,,,,,,,,,,,,232760723,24
2023-04-18 11:45:09.578000+03:00,2023-04-18 20:43:13.115000+03:00,katwe_2,2023-04-18 11:45:00+03:00,female,yes,other,Spotlight house holdsurvey,percolator cooking_coils,1,0,1,0,0,0,0,0,0,0,0,0,0,0,0,kosko,EM-092,correct,,,,,,,,,,,,,,,,,,,,,,,,,,,,,,,yes,1,charcoal,0,1,0,0,0,0,,,convenient,0,0,1,0,0,0,0,0,0,0,0,0,0,0,0,0,,expensive,1,0,0,0,0,0,0,0,0,0,0,0,0,0,,,day,60,1,20,easy_to_get cheap,1,1,0,0,0,0,0,0,0,0,0,0,0,0,0,0,,poor_quality smoky,0,0,1,1,0,0,0,0,0,0,0,0,0,0,,indoors,1,0,0,0,,,,,,,,,,,,,,,,,,,,,,,,,,,,,,,,,,,,,,,,,,,,,,,,,,,,,,,,,,,,,,,,,,,,,,,,,,,,,,,,,,,,,,,,,,,,,,,,,,,,,,,,,,,,,,,,,,,,,,,,,,,,,,,,,,,,,,,,,,,,,,,,,,,,,,,,,,,,,,,,,,,,,,,,,,,,,,,,,,,,,,,,,,,,,,,,,,,,,,,,,,,,,,,,,232760724,25
2023-04-18 13:31:20.334000+03:00,2023-04-18 20:51:44.789000+03:00,nsambya_gogonya,2023-04-18 13:31:00+03:00,female,no,,,cooking_coils percolator,1,0,1,0,0,0,0,0,0,0,0,0,0,0,0,a2ei,202086001267,correct,rent,home,8,5,1200,yes,yes,no,,,,,,,,,,,,,,umeme,1,0,0,0,0,0,,a,yes,1,charcoal,0,1,0,0,0,0,,,convenient modern,0,0,1,0,0,1,0,0,0,0,0,0,0,0,0,0,,expensive,1,0,0,0,0,0,0,0,0,0,0,0,0,0,,,day,2,1,5,cheap easy_to_get,1,1,0,0,0,0,0,0,0,0,0,0,0,0,0,0,,smoky dirty,0,0,0,1,0,0,0,0,1,0,0,0,0,0,,outdoors,0,1,0,0,,,,,,,,,,,,,,,,,,,,,,,,,,,,,,,,,,,,,,,,,,,,,,,,,,,,,,,,,,,,,,,,,,,,,,,,,,,,,,,,,,,,,,,,,,,,,,,,,,,,,,,,,,,,,,,,,,,,,,,,,,,,,,,,,,,,,,,,,,,,,,,,,,,,,,,,,,,,,,,,,,,,,,,,,,,,,,,,,,,,,,,,,,,,,,,,,,,,,,,,,,,,,,,,,232760726,26
2023-04-18 13:54:10.022000+03:00,2023-04-18 20:55:54.502000+03:00,nsambya_gogonya,2023-04-18 13:54:00+03:00,female,no,,,popcorn_machine percolator,1,0,0,0,0,0,0,0,0,0,0,1,0,0,0,a2ei,202086001043,correct,rent,home,5,8,1200,yes,yes,no,,,,,,,,,,,,,,umeme,1,0,0,0,0,0,,a,yes,1,charcoal,0,1,0,0,0,0,,,convenient modern,0,0,1,0,0,1,0,0,0,0,0,0,0,0,0,0,,expensive,1,0,0,0,0,0,0,0,0,0,0,0,0,0,,,day,3,1,8,cheap easy_to_get convenient cooks_right_amount,1,1,1,0,0,0,0,1,0,0,0,0,0,0,0,0,,smoky,0,0,0,1,0,0,0,0,0,0,0,0,0,0,,outdoors,0,1,0,0,,,,,,,,,,,,,,,,,,,,,,,,,,,,,,,,,,,,,,,,,,,,,,,,,,,,,,,,,,,,,,,,,,,,,,,,,,,,,,,,,,,,,,,,,,,,,,,,,,,,,,,,,,,,,,,,,,,,,,,,,,,,,,,,,,,,,,,,,,,,,,,,,,,,,,,,,,,,,,,,,,,,,,,,,,,,,,,,,,,,,,,,,,,,,,,,,,,,,,,,,,,,,,,,,232760730,27
2023-04-18 15:07:08.920000+03:00,2023-04-18 20:57:29.405000+03:00,nsambya_gogonya,2023-04-18 15:07:00+03:00,female,no,,,percolator juicer,1,0,0,0,0,0,0,0,0,0,1,0,0,0,0,kosko,EM084,open_ground,own,home,33,15,2000,yes,yes,no,,,,,,,,,,,,,,umeme,1,0,0,0,0,0,,a,yes,1,charcoal,0,1,0,0,0,0,,,convenient good_smell clean,0,0,1,0,0,0,0,0,1,0,1,0,0,0,0,0,,expensive not_safe,1,0,0,0,0,0,0,1,0,0,0,0,0,0,,,day,60,1,10,easy_to_get cheap safe,1,1,0,0,0,0,0,0,0,1,0,0,0,0,0,0,,smoky dirty,0,0,0,1,0,0,0,0,1,0,0,0,0,0,,indoors,1,0,0,0,,,,,,,,,,,,,,,,,,,,,,,,,,,,,,,,,,,,,,,,,,,,,,,,,,,,,,,,,,,,,,,,,,,,,,,,,,,,,,,,,,,,,,,,,,,,,,,,,,,,,,,,,,,,,,,,,,,,,,,,,,,,,,,,,,,,,,,,,,,,,,,,,,,,,,,,,,,,,,,,,,,,,,,,,,,,,,,,,,,,,,,,,,,,,,,,,,,,,,,,,,,,,,,,,232760735,28
2023-04-18 09:57:05.981000+03:00,2023-04-19 08:37:44.776000+03:00,katwe_2,2023-04-18 09:57:00+03:00,female,no,,,percolator,1,0,0,0,0,0,0,0,0,0,0,0,0,0,0,a2ei,202086001312,open_ground,rent,home,5,3,500,no,,,,not_my_property,0,0,0,0,1,0,0,0,0,0,,kamyufu,0,0,0,1,0,0,,e,yes,1,charcoal,0,1,0,0,0,0,,,cooks_quickly,0,0,0,0,0,0,1,0,0,0,0,0,0,0,0,0,,none,0,0,0,0,0,0,0,0,0,0,0,0,1,0,,,day,1,1,5,none,0,0,0,0,0,0,0,0,0,0,0,0,0,0,1,0,,cooks_slowly,0,0,0,0,0,0,1,0,0,0,0,0,0,0,,outdoors,0,1,0,0,,,,,,,,,,,,,,,,,,,,,,,,,,,,,,,,,,,,,,,,,,,,,,,,,,,,,,,,,,,,,,,,,,,,,,,,,,,,,,,,,,,,,,,,,,,,,,,,,,,,,,,,,,,,,,,,,,,,,,,,,,,,,,,,,,,,,,,,,,,,,,,,,,,,,,,,,,,,,,,,,,,,,,,,,,,,,,,,,,,,,,,,,,,,,,,,,,,,,,,,,,,,,,,,,232829065,29
2023-04-18 10:41:37.567000+03:00,2023-04-19 08:39:58.325000+03:00,katwe_2,2023-04-18 10:41:00+03:00,male,no,,,percolator,1,0,0,0,0,0,0,0,0,0,0,0,0,0,0,a2ei,202086001328,open_ground,rent,home,6,4,800,yes,yes,yes,25,,,,,,,,,,,,,landlord,0,1,0,0,0,0,,d,yes,1,charcoal,0,1,0,0,0,0,,,convenient,0,0,1,0,0,0,0,0,0,0,0,0,0,0,0,0,,expensive,1,0,0,0,0,0,0,0,0,0,0,0,0,0,,,day,3,1,3,cheap easy_to_get,1,1,0,0,0,0,0,0,0,0,0,0,0,0,0,0,,poor_quality smoky dirty,0,0,1,1,0,0,0,0,1,0,0,0,0,0,,outdoors,0,1,0,0,,,,,,,,,,,,,,,,,,,,,,,,,,,,,,,,,,,,,,,,,,,,,,,,,,,,,,,,,,,,,,,,,,,,,,,,,,,,,,,,,,,,,,,,,,,,,,,,,,,,,,,,,,,,,,,,,,,,,,,,,,,,,,,,,,,,,,,,,,,,,,,,,,,,,,,,,,,,,,,,,,,,,,,,,,,,,,,,,,,,,,,,,,,,,,,,,,,,,,,,,,,,,,,,,232829067,30
2023-04-18 12:04:49.071000+03:00,2023-04-19 08:42:19.766000+03:00,katwe_2,2023-04-18 12:04:00+03:00,female,yes,other,House hold survey,percolator,1,0,0,0,0,0,0,0,0,0,0,0,0,0,0,kosko,Em095,correct,,,,,,,,,,,,,,,,,,,,,,,,,,,,,,,yes,1,charcoal,0,1,0,0,0,0,,,convenient,0,0,1,0,0,0,0,0,0,0,0,0,0,0,0,0,,expensive,1,0,0,0,0,0,0,0,0,0,0,0,0,0,,,day,10,3,15,easy_to_get,0,1,0,0,0,0,0,0,0,0,0,0,0,0,0,0,,smoky,0,0,0,1,0,0,0,0,0,0,0,0,0,0,,outdoors,0,1,0,0,,,,,,,,,,,,,,,,,,,,,,,,,,,,,,,,,,,,,,,,,,,,,,,,,,,,,,,,,,,,,,,,,,,,,,,,,,,,,,,,,,,,,,,,,,,,,,,,,,,,,,,,,,,,,,,,,,,,,,,,,,,,,,,,,,,,,,,,,,,,,,,,,,,,,,,,,,,,,,,,,,,,,,,,,,,,,,,,,,,,,,,,,,,,,,,,,,,,,,,,,,,,,,,,,232829068,31
2023-04-18 12:59:17.794000+03:00,2023-04-19 08:43:44.996000+03:00,nsambya_gogonya,2023-04-18 12:59:00+03:00,female,no,,,hot_plate,0,1,0,0,0,0,0,0,0,0,0,0,0,0,0,a2ei,202086001326,open_ground,own,home,5,7,1000,no,,,,other,0,0,0,0,0,0,0,0,0,1,Old metre,kamyufu,0,0,0,1,0,0,,f,yes,1,charcoal,0,1,0,0,0,0,,,convenient,0,0,1,0,0,0,0,0,0,0,0,0,0,0,0,0,,expensive,1,0,0,0,0,0,0,0,0,0,0,0,0,0,,,day,6,1,10,easy_to_get cheap cooks_right_amount,1,1,0,0,0,0,0,1,0,0,0,0,0,0,0,0,,smoky,0,0,0,1,0,0,0,0,0,0,0,0,0,0,,separate_structure,0,0,1,0,,,,,,,,,,,,,,,,,,,,,,,,,,,,,,,,,,,,,,,,,,,,,,,,,,,,,,,,,,,,,,,,,,,,,,,,,,,,,,,,,,,,,,,,,,,,,,,,,,,,,,,,,,,,,,,,,,,,,,,,,,,,,,,,,,,,,,,,,,,,,,,,,,,,,,,,,,,,,,,,,,,,,,,,,,,,,,,,,,,,,,,,,,,,,,,,,,,,,,,,,,,,,,,,,232829071,32
2023-04-18 15:51:41.196000+03:00,2023-04-19 08:44:59.550000+03:00,nsambya_gogonya,2023-04-18 15:51:00+03:00,female,no,,,hot_plate juicer percolator,1,1,0,0,0,0,0,0,0,0,1,0,0,0,0,kosko,EM-103,correct,own,home,40,10,2000,yes,yes,no,,,,,,,,,,,,,,umeme,1,0,0,0,0,0,,a,yes,1,charcoal,0,1,0,0,0,0,,,convenient modern clean,0,0,1,0,0,1,0,0,0,0,1,0,0,0,0,0,,expensive not_safe,1,0,0,0,0,0,0,1,0,0,0,0,0,0,,,day,2,1,5,cheap easy_to_get convenient cooks_right_amount,1,1,1,0,0,0,0,1,0,0,0,0,0,0,0,0,,smoky dirty,0,0,0,1,0,0,0,0,1,0,0,0,0,0,,outdoors,0,1,0,0,,,,,,,,,,,,,,,,,,,,,,,,,,,,,,,,,,,,,,,,,,,,,,,,,,,,,,,,,,,,,,,,,,,,,,,,,,,,,,,,,,,,,,,,,,,,,,,,,,,,,,,,,,,,,,,,,,,,,,,,,,,,,,,,,,,,,,,,,,,,,,,,,,,,,,,,,,,,,,,,,,,,,,,,,,,,,,,,,,,,,,,,,,,,,,,,,,,,,,,,,,,,,,,,,232829074,33
2023-04-18 16:21:05.727000+03:00,2023-04-19 08:47:15.042000+03:00,nsambya_gogonya,2023-04-18 16:21:00+03:00,female,no,,,blender hot_plate percolator,1,1,0,0,0,0,1,0,0,0,0,0,0,0,0,kosko,EM-083,correct,own,home,5,4,1200,yes,yes,yes,2,,,,,,,,,,,,,umeme,1,0,0,0,0,0,,d,yes,1,charcoal,0,1,0,0,0,0,,,convenient,0,0,1,0,0,0,0,0,0,0,0,0,0,0,0,0,,expensive,1,0,0,0,0,0,0,0,0,0,0,0,0,0,,,day,60,1,5,cheap easy_to_get convenient,1,1,1,0,0,0,0,0,0,0,0,0,0,0,0,0,,smoky,0,0,0,1,0,0,0,0,0,0,0,0,0,0,,outdoors,0,1,0,0,,,,,,,,,,,,,,,,,,,,,,,,,,,,,,,,,,,,,,,,,,,,,,,,,,,,,,,,,,,,,,,,,,,,,,,,,,,,,,,,,,,,,,,,,,,,,,,,,,,,,,,,,,,,,,,,,,,,,,,,,,,,,,,,,,,,,,,,,,,,,,,,,,,,,,,,,,,,,,,,,,,,,,,,,,,,,,,,,,,,,,,,,,,,,,,,,,,,,,,,,,,,,,,,,232829076,34
2023-04-19 10:02:49.677000+03:00,2023-04-19 19:17:26.117000+03:00,mengo,2023-04-19 10:02:00+03:00,male,no,,,percolator hot_plate,1,1,0,0,0,0,0,0,0,0,0,0,0,0,0,a2ei,202086000815,open_ground,own,home,40,7,1500,no,,,,other,0,0,0,0,0,0,0,0,0,1,Kamyufu,kamyufu,0,0,0,1,0,0,,e,yes,1,charcoal,0,1,0,0,0,0,,,cheap,1,0,0,0,0,0,0,0,0,0,0,0,0,0,0,0,,not_convenient,0,0,0,0,1,0,0,0,0,0,0,0,0,0,,,day,3,1,10,easy_to_get safe convenient,0,1,1,0,0,0,0,0,0,1,0,0,0,0,0,0,,smoky cooks_slowly,0,0,0,1,0,0,1,0,0,0,0,0,0,0,,outdoors,0,1,0,0,,,,,,,,,,,,,,,,,,,,,,,,,,,,,,,,,,,,,,,,,,,,,,,,,,,,,,,,,,,,,,,,,,,,,,,,,,,,,,,,,,,,,,,,,,,,,,,,,,,,,,,,,,,,,,,,,,,,,,,,,,,,,,,,,,,,,,,,,,,,,,,,,,,,,,,,,,,,,,,,,,,,,,,,,,,,,,,,,,,,,,,,,,,,,,,,,,,,,,,,,,,,,,,,,232962421,35
2023-04-19 10:31:58.201000+03:00,2023-04-19 19:17:32.244000+03:00,mengo,2023-04-19 10:31:00+03:00,female,no,,,percolator,1,0,0,0,0,0,0,0,0,0,0,0,0,0,0,kosko,EM-091,open_ground,rent,home,1,3,700,no,,,,other,0,0,0,0,0,0,0,0,0,1,Kamyufu,kamyufu,0,0,0,1,0,0,,e,yes,1,charcoal,0,1,0,0,0,0,,,convenient safe cooks_quickly modern,0,0,1,0,0,1,1,0,0,1,0,0,0,0,0,0,,not_safe,0,0,0,0,0,0,0,1,0,0,0,0,0,0,,,day,2,1,5,cheap safe,1,0,0,0,0,0,0,0,0,1,0,0,0,0,0,0,,smoky dirty poor_quality,0,0,1,1,0,0,0,0,1,0,0,0,0,0,,outdoors,0,1,0,0,,,,,,,,,,,,,,,,,,,,,,,,,,,,,,,,,,,,,,,,,,,,,,,,,,,,,,,,,,,,,,,,,,,,,,,,,,,,,,,,,,,,,,,,,,,,,,,,,,,,,,,,,,,,,,,,,,,,,,,,,,,,,,,,,,,,,,,,,,,,,,,,,,,,,,,,,,,,,,,,,,,,,,,,,,,,,,,,,,,,,,,,,,,,,,,,,,,,,,,,,,,,,,,,,232962424,36
2023-04-19 10:57:02.206000+03:00,2023-04-19 19:17:40.656000+03:00,mengo,2023-04-19 10:57:00+03:00,male,no,,,percolator hot_plate,1,1,0,0,0,0,0,0,0,0,0,0,0,0,0,a2ei,202086000934,open_ground,rent,home,5,1,1500,no,,,,other,0,0,0,0,0,0,0,0,0,1,Kamyufu,kamyufu,0,0,0,1,0,0,,e,yes,1,charcoal,0,1,0,0,0,0,,,convenient,0,0,1,0,0,0,0,0,0,0,0,0,0,0,0,0,,not_safe,0,0,0,0,0,0,0,1,0,0,0,0,0,0,,,day,1,1,5,easy_to_get,0,1,0,0,0,0,0,0,0,0,0,0,0,0,0,0,,dirty,0,0,0,0,0,0,0,0,1,0,0,0,0,0,,outdoors,0,1,0,0,,,,,,,,,,,,,,,,,,,,,,,,,,,,,,,,,,,,,,,,,,,,,,,,,,,,,,,,,,,,,,,,,,,,,,,,,,,,,,,,,,,,,,,,,,,,,,,,,,,,,,,,,,,,,,,,,,,,,,,,,,,,,,,,,,,,,,,,,,,,,,,,,,,,,,,,,,,,,,,,,,,,,,,,,,,,,,,,,,,,,,,,,,,,,,,,,,,,,,,,,,,,,,,,,232962425,37
2023-04-19 14:59:07.286000+03:00,2023-04-19 19:17:50.728000+03:00,bwaise_2,2023-04-19 14:59:00+03:00,female,no,,,epc percolator,1,0,0,0,0,1,0,0,0,0,0,0,0,0,0,kosko,EM-090,open_ground,rent,home,15,3,1000,no,,,,other,0,0,0,0,0,0,0,0,0,1,Kamyufu,kamyufu,0,0,0,1,0,0,,e,yes,1,charcoal,0,1,0,0,0,0,,,convenient easy_to_get,0,1,1,0,0,0,0,0,0,0,0,0,0,0,0,0,,not_safe,0,0,0,0,0,0,0,1,0,0,0,0,0,0,,,day,2,1,10,easy_to_get cooks_right_amount,0,1,0,0,0,0,0,1,0,0,0,0,0,0,0,0,,cooks_slowly,0,0,0,0,0,0,1,0,0,0,0,0,0,0,,indoors outdoors,1,1,0,0,,,,,,,,,,,,,,,,,,,,,,,,,,,,,,,,,,,,,,,,,,,,,,,,,,,,,,,,,,,,,,,,,,,,,,,,,,,,,,,,,,,,,,,,,,,,,,,,,,,,,,,,,,,,,,,,,,,,,,,,,,,,,,,,,,,,,,,,,,,,,,,,,,,,,,,,,,,,,,,,,,,,,,,,,,,,,,,,,,,,,,,,,,,,,,,,,,,,,,,,,,,,,,,,,232962428,38
2023-04-19 15:40:24.766000+03:00,2023-04-19 19:17:58.937000+03:00,bwaise_2,2023-04-19 15:40:00+03:00,female,no,,,percolator,1,0,0,0,0,0,0,0,0,0,0,0,0,0,0,a2ei,202086001268,live_neu_reverse,own,home,45,7,2000,yes,yes,no,,,,,,,,,,,,,,umeme,1,0,0,0,0,0,,a,yes,1,charcoal,0,1,0,0,0,0,,,convenient,0,0,1,0,0,0,0,0,0,0,0,0,0,0,0,0,,expensive,1,0,0,0,0,0,0,0,0,0,0,0,0,0,,,day,65,1,20,easy_to_get cooks_right_amount safe,0,1,0,0,0,0,0,1,0,1,0,0,0,0,0,0,,cooks_slowly smoky,0,0,0,1,0,0,1,0,0,0,0,0,0,0,,indoors,1,0,0,0,,,,,,,,,,,,,,,,,,,,,,,,,,,,,,,,,,,,,,,,,,,,,,,,,,,,,,,,,,,,,,,,,,,,,,,,,,,,,,,,,,,,,,,,,,,,,,,,,,,,,,,,,,,,,,,,,,,,,,,,,,,,,,,,,,,,,,,,,,,,,,,,,,,,,,,,,,,,,,,,,,,,,,,,,,,,,,,,,,,,,,,,,,,,,,,,,,,,,,,,,,,,,,,,,232962429,39
2023-04-19 16:18:48.272000+03:00,2023-04-21 17:17:39.753000+03:00,bwaise_2,2023-04-19 16:18:00+03:00,male,no,,,cooking_coils popcorn_machine,0,0,1,0,0,0,0,0,0,0,0,1,0,0,0,a2ei,202086000675,open_ground,rent,home,10,2,800,no,,,,other,0,0,0,0,0,0,0,0,0,1,Kamyufu,kamyufu,0,0,0,1,0,0,,e,yes,1,charcoal,0,1,0,0,0,0,,,other,0,0,0,0,0,0,0,0,0,0,0,0,0,0,0,1,Economical,not_safe,0,0,0,0,0,0,0,1,0,0,0,0,0,0,,,day,5,1,3,cooks_right_amount good_taste,0,0,0,1,0,0,0,1,0,0,0,0,0,0,0,0,,smoky dirty,0,0,0,1,0,0,0,0,1,0,0,0,0,0,,indoors,1,0,0,0,,,,,,,,,,,,,,,,,,,,,,,,,,,,,,,,,,,,,,,,,,,,,,,,,,,,,,,,,,,,,,,,,,,,,,,,,,,,,,,,,,,,,,,,,,,,,,,,,,,,,,,,,,,,,,,,,,,,,,,,,,,,,,,,,,,,,,,,,,,,,,,,,,,,,,,,,,,,,,,,,,,,,,,,,,,,,,,,,,,,,,,,,,,,,,,,,,,,,,,,,,,,,,,,,232962431,40
2023-04-19 09:45:33.071000+03:00,2023-04-19 21:57:27.667000+03:00,mengo,2023-04-19 09:45:00+03:00,female,no,,,percolator hot_plate,1,1,0,0,0,0,0,0,0,0,0,0,0,0,0,a2ei,202086001323,open_ground,own,home,40,4,1200,no,,,,other,0,0,0,0,0,0,0,0,0,1,Kamyufu,kamyufu,0,0,0,1,0,0,,e,yes,1,charcoal,0,1,0,0,0,0,,,cooks_quickly convenient,0,0,1,0,0,0,1,0,0,0,0,0,0,0,0,0,,not_safe,0,0,0,0,0,0,0,1,0,0,0,0,0,0,,,day,3,1,5,good_taste,0,0,0,1,0,0,0,0,0,0,0,0,0,0,0,0,,poor_quality cooks_slowly,0,0,1,0,0,0,1,0,0,0,0,0,0,0,,outdoors,0,1,0,0,,,,,,,,,,,,,,,,,,,,,,,,,,,,,,,,,,,,,,,,,,,,,,,,,,,,,,,,,,,,,,,,,,,,,,,,,,,,,,,,,,,,,,,,,,,,,,,,,,,,,,,,,,,,,,,,,,,,,,,,,,,,,,,,,,,,,,,,,,,,,,,,,,,,,,,,,,,,,,,,,,,,,,,,,,,,,,,,,,,,,,,,,,,,,,,,,,,,,,,,,,,,,,,,,232991358,41
2023-04-19 10:19:07.336000+03:00,2023-04-19 21:57:39.932000+03:00,mengo,2023-04-19 10:19:00+03:00,female,no,,,percolator,1,0,0,0,0,0,0,0,0,0,0,0,0,0,0,kosko,Em099,open_ground,rent,home,10,6,500,no,,,,dont_want_one,0,0,0,0,0,0,0,0,1,0,,kamyufu,0,0,0,1,0,0,,e,yes,1,charcoal,0,1,0,0,0,0,,,cooks_quickly,0,0,0,0,0,0,1,0,0,0,0,0,0,0,0,0,,none,0,0,0,0,0,0,0,0,0,0,0,0,1,0,,,day,3,1,2,cooks_right_amount,0,0,0,0,0,0,0,1,0,0,0,0,0,0,0,0,,dirty,0,0,0,0,0,0,0,0,1,0,0,0,0,0,,outdoors,0,1,0,0,,,,,,,,,,,,,,,,,,,,,,,,,,,,,,,,,,,,,,,,,,,,,,,,,,,,,,,,,,,,,,,,,,,,,,,,,,,,,,,,,,,,,,,,,,,,,,,,,,,,,,,,,,,,,,,,,,,,,,,,,,,,,,,,,,,,,,,,,,,,,,,,,,,,,,,,,,,,,,,,,,,,,,,,,,,,,,,,,,,,,,,,,,,,,,,,,,,,,,,,,,,,,,,,,232991362,42
2023-04-19 10:45:26.312000+03:00,2023-04-19 21:58:29.653000+03:00,mengo,2023-04-19 10:45:00+03:00,male,no,,,percolator hot_plate,1,1,0,0,0,0,0,0,0,0,0,0,0,0,0,a2ei,202086000440,open_ground,own,home,20,5,450,no,,,,electricity_expensive,0,1,0,0,0,0,0,0,0,0,,umeme kamyufu,1,0,0,1,0,0,,f,yes,1,charcoal,0,1,0,0,0,0,,,cooks_quickly,0,0,0,0,0,0,1,0,0,0,0,0,0,0,0,0,,expensive,1,0,0,0,0,0,0,0,0,0,0,0,0,0,,,week,1,2,3,easy_to_get,0,1,0,0,0,0,0,0,0,0,0,0,0,0,0,0,,smoky,0,0,0,1,0,0,0,0,0,0,0,0,0,0,,separate_structure,0,0,1,0,,,,,,,,,,,,,,,,,,,,,,,,,,,,,,,,,,,,,,,,,,,,,,,,,,,,,,,,,,,,,,,,,,,,,,,,,,,,,,,,,,,,,,,,,,,,,,,,,,,,,,,,,,,,,,,,,,,,,,,,,,,,,,,,,,,,,,,,,,,,,,,,,,,,,,,,,,,,,,,,,,,,,,,,,,,,,,,,,,,,,,,,,,,,,,,,,,,,,,,,,,,,,,,,,232991364,43
2023-04-19 13:32:09.739000+03:00,2023-04-19 21:58:24.573000+03:00,bwaise_2,2023-04-19 13:32:00+03:00,male,no,,,percolator hot_plate,1,1,0,0,0,0,0,0,0,0,0,0,0,0,0,a2ei,202086001201,correct,rent,home,1,10,1200,yes,yes,no,,,,,,,,,,,,,,umeme,1,0,0,0,0,0,,a,yes,1,charcoal,0,1,0,0,0,0,,,convenient cooks_quickly,0,0,1,0,0,0,1,0,0,0,0,0,0,0,0,0,,expensive not_safe,1,0,0,0,0,0,0,1,0,0,0,0,0,0,,,day,5,2,20,good_taste,0,0,0,1,0,0,0,0,0,0,0,0,0,0,0,0,,expensive,1,0,0,0,0,0,0,0,0,0,0,0,0,0,,separate_structure,0,0,1,0,,,,,,,,,,,,,,,,,,,,,,,,,,,,,,,,,,,,,,,,,,,,,,,,,,,,,,,,,,,,,,,,,,,,,,,,,,,,,,,,,,,,,,,,,,,,,,,,,,,,,,,,,,,,,,,,,,,,,,,,,,,,,,,,,,,,,,,,,,,,,,,,,,,,,,,,,,,,,,,,,,,,,,,,,,,,,,,,,,,,,,,,,,,,,,,,,,,,,,,,,,,,,,,,,232991368,44
2023-04-19 13:56:35.442000+03:00,2023-04-19 21:58:19.340000+03:00,bwaise_2,2023-04-19 13:56:00+03:00,female,no,,,percolator blender cooking_coils,1,0,1,0,0,0,1,0,0,0,0,0,0,0,0,kosko,Em072,correct,own,home,15,8,900,yes,yes,no,,,,,,,,,,,,,,umeme,1,0,0,0,0,0,,a,yes,1,charcoal,0,1,0,0,0,0,,,cooks_quickly,0,0,0,0,0,0,1,0,0,0,0,0,0,0,0,0,,expensive,1,0,0,0,0,0,0,0,0,0,0,0,0,0,,,month,60,1,10,cooks_right_amount,0,0,0,0,0,0,0,1,0,0,0,0,0,0,0,0,,smoky,0,0,0,1,0,0,0,0,0,0,0,0,0,0,,indoors,1,0,0,0,,,,,,,,,,,,,,,,,,,,,,,,,,,,,,,,,,,,,,,,,,,,,,,,,,,,,,,,,,,,,,,,,,,,,,,,,,,,,,,,,,,,,,,,,,,,,,,,,,,,,,,,,,,,,,,,,,,,,,,,,,,,,,,,,,,,,,,,,,,,,,,,,,,,,,,,,,,,,,,,,,,,,,,,,,,,,,,,,,,,,,,,,,,,,,,,,,,,,,,,,,,,,,,,,232991371,45
2023-04-19 14:26:47.046000+03:00,2023-04-19 21:57:47.255000+03:00,bwaise_2,2023-04-19 14:26:00+03:00,female,no,,,hot_plate,0,1,0,0,0,0,0,0,0,0,0,0,0,0,0,kosko,Em088,open_ground,rent,home,4,6,1200,yes,yes,yes,12,,,,,,,,,,,,,kamyufu,0,0,0,1,0,0,,f,yes,1,charcoal,0,1,0,0,0,0,,,convenient,0,0,1,0,0,0,0,0,0,0,0,0,0,0,0,0,,expensive,1,0,0,0,0,0,0,0,0,0,0,0,0,0,,,day,4,2,5,convenient good_taste,0,0,1,1,0,0,0,0,0,0,0,0,0,0,0,0,,poor_quality,0,0,1,0,0,0,0,0,0,0,0,0,0,0,,indoors,1,0,0,0,,,,,,,,,,,,,,,,,,,,,,,,,,,,,,,,,,,,,,,,,,,,,,,,,,,,,,,,,,,,,,,,,,,,,,,,,,,,,,,,,,,,,,,,,,,,,,,,,,,,,,,,,,,,,,,,,,,,,,,,,,,,,,,,,,,,,,,,,,,,,,,,,,,,,,,,,,,,,,,,,,,,,,,,,,,,,,,,,,,,,,,,,,,,,,,,,,,,,,,,,,,,,,,,,232991381,46
2023-04-20 10:20:22.884000+03:00,2023-04-20 15:26:13.639000+03:00,kanyanya,2023-04-20 10:20:00+03:00,female,no,,,percolator cooking_coils,1,0,1,0,0,0,0,0,0,0,0,0,0,0,0,kosko,EM-088,correct,own,home,45,10,1200,yes,yes,no,,,,,,,,,,,,,,umeme,1,0,0,0,0,0,,a,yes,1,charcoal,0,1,0,0,0,0,,,cooks_quickly,0,0,0,0,0,0,1,0,0,0,0,0,0,0,0,0,,not_safe not_convenient,0,0,0,0,1,0,0,1,0,0,0,0,0,0,,,day,65,1,30,other cooks_right_amount,0,0,0,0,0,0,0,1,0,0,0,0,0,0,0,1,Economical,poor_quality smoky,0,0,1,1,0,0,0,0,0,0,0,0,0,0,,separate_structure,0,0,1,0,,,,,,,,,,,,,,,,,,,,,,,,,,,,,,,,,,,,,,,,,,,,,,,,,,,,,,,,,,,,,,,,,,,,,,,,,,,,,,,,,,,,,,,,,,,,,,,,,,,,,,,,,,,,,,,,,,,,,,,,,,,,,,,,,,,,,,,,,,,,,,,,,,,,,,,,,,,,,,,,,,,,,,,,,,,,,,,,,,,,,,,,,,,,,,,,,,,,,,,,,,,,,,,,,233136217,47
2023-04-20 12:39:00.548000+03:00,2023-04-20 15:26:20.648000+03:00,kanyanya,2023-04-20 12:39:00+03:00,female,no,,,percolator cooking_coils,1,0,1,0,0,0,0,0,0,0,0,0,0,0,0,kosko,EM-087,open_ground,rent,home,4,2,2000,no,,,,other,0,0,0,0,0,0,0,0,0,1,Kamyufu,kamyufu,0,0,0,1,0,0,,e,yes,1,charcoal,0,1,0,0,0,0,,,cooks_quickly,0,0,0,0,0,0,1,0,0,0,0,0,0,0,0,0,,not_safe,0,0,0,0,0,0,0,1,0,0,0,0,0,0,,,week,2,1,5,good_taste,0,0,0,1,0,0,0,0,0,0,0,0,0,0,0,0,,smoky poor_quality,0,0,1,1,0,0,0,0,0,0,0,0,0,0,,outdoors,0,1,0,0,,,,,,,,,,,,,,,,,,,,,,,,,,,,,,,,,,,,,,,,,,,,,,,,,,,,,,,,,,,,,,,,,,,,,,,,,,,,,,,,,,,,,,,,,,,,,,,,,,,,,,,,,,,,,,,,,,,,,,,,,,,,,,,,,,,,,,,,,,,,,,,,,,,,,,,,,,,,,,,,,,,,,,,,,,,,,,,,,,,,,,,,,,,,,,,,,,,,,,,,,,,,,,,,,233136219,48
2023-04-20 13:24:08.803000+03:00,2023-04-20 15:26:26.911000+03:00,kanyanya,2023-04-20 13:24:00+03:00,male,no,,,blender percolator,1,0,0,0,0,0,1,0,0,0,0,0,0,0,0,a2ei,202086000699,correct,rent,home,5,2,1000,yes,yes,yes,5,,,,,,,,,,,,,umeme,1,0,0,0,0,0,,d,yes,1,charcoal,0,1,0,0,0,0,,,convenient,0,0,1,0,0,0,0,0,0,0,0,0,0,0,0,0,,not_safe,0,0,0,0,0,0,0,1,0,0,0,0,0,0,,,month,55,1,30,cheap easy_to_get,1,1,0,0,0,0,0,0,0,0,0,0,0,0,0,0,,poor_quality smoky,0,0,1,1,0,0,0,0,0,0,0,0,0,0,,outdoors,0,1,0,0,,,,,,,,,,,,,,,,,,,,,,,,,,,,,,,,,,,,,,,,,,,,,,,,,,,,,,,,,,,,,,,,,,,,,,,,,,,,,,,,,,,,,,,,,,,,,,,,,,,,,,,,,,,,,,,,,,,,,,,,,,,,,,,,,,,,,,,,,,,,,,,,,,,,,,,,,,,,,,,,,,,,,,,,,,,,,,,,,,,,,,,,,,,,,,,,,,,,,,,,,,,,,,,,,233136221,49
2023-04-20 14:48:50.112000+03:00,2023-04-20 15:26:34.056000+03:00,bwaise_2,2023-04-20 14:48:00+03:00,male,no,,,cooking_coils,0,0,1,0,0,0,0,0,0,0,0,0,0,0,0,kosko,EM-094,correct,rent,home,3,3,1000,no,,,,other,0,0,0,0,0,0,0,0,0,1,Kamyufu,kamyufu,0,0,0,1,0,0,,e,yes,1,charcoal,0,1,0,0,0,0,,,modern,0,0,0,0,0,1,0,0,0,0,0,0,0,0,0,0,,not_safe,0,0,0,0,0,0,0,1,0,0,0,0,0,0,,,day,3,1,10,cheap easy_to_get cooks_right_amount good_taste,1,1,0,1,0,0,0,1,0,0,0,0,0,0,0,0,,poor_quality cooks_slowly,0,0,1,0,0,0,1,0,0,0,0,0,0,0,,outdoors,0,1,0,0,,,,,,,,,,,,,,,,,,,,,,,,,,,,,,,,,,,,,,,,,,,,,,,,,,,,,,,,,,,,,,,,,,,,,,,,,,,,,,,,,,,,,,,,,,,,,,,,,,,,,,,,,,,,,,,,,,,,,,,,,,,,,,,,,,,,,,,,,,,,,,,,,,,,,,,,,,,,,,,,,,,,,,,,,,,,,,,,,,,,,,,,,,,,,,,,,,,,,,,,,,,,,,,,,233136226,50
2023-04-20 15:03:51.346000+03:00,2023-04-20 15:26:39.246000+03:00,bwaise_2,2023-04-20 15:03:00+03:00,female,no,,,hot_plate percolator,1,1,0,0,0,0,0,0,0,0,0,0,0,0,0,kosko,EM-089,open_ground,rent,home,1,3,1000,no,,,,other,0,0,0,0,0,0,0,0,0,1,Kamyufu,kamyufu,0,0,0,1,0,0,,e,yes,1,charcoal,0,1,0,0,0,0,,,cooks_quickly,0,0,0,0,0,0,1,0,0,0,0,0,0,0,0,0,,not_safe,0,0,0,0,0,0,0,1,0,0,0,0,0,0,,,day,2,1,6,cheap,1,0,0,0,0,0,0,0,0,0,0,0,0,0,0,0,,poor_quality,0,0,1,0,0,0,0,0,0,0,0,0,0,0,,outdoors,0,1,0,0,,,,,,,,,,,,,,,,,,,,,,,,,,,,,,,,,,,,,,,,,,,,,,,,,,,,,,,,,,,,,,,,,,,,,,,,,,,,,,,,,,,,,,,,,,,,,,,,,,,,,,,,,,,,,,,,,,,,,,,,,,,,,,,,,,,,,,,,,,,,,,,,,,,,,,,,,,,,,,,,,,,,,,,,,,,,,,,,,,,,,,,,,,,,,,,,,,,,,,,,,,,,,,,,,233136227,51
2023-04-20 11:00:55.294000+03:00,2023-04-20 15:26:48.694000+03:00,kanyanya,2023-04-20 11:00:00+03:00,female,no,,,percolator,1,0,0,0,0,0,0,0,0,0,0,0,0,0,0,kosko,EM-085,correct,own,home,50,8,2000,yes,yes,no,,,,,,,,,,,,,,umeme,1,0,0,0,0,0,,a,yes,1,firewood,0,0,1,0,0,0,,,convenient clean,0,0,1,0,0,0,0,0,0,0,1,0,0,0,0,0,,expensive,1,0,0,0,0,0,0,0,0,0,0,0,0,0,,,,,,,,,,,,,,,,,,,,,,,,,,,,,,,,,,,,,,,,,,,,,,,,day,10,1,20,cooks_right_amount,0,0,0,0,0,0,0,1,0,0,0,0,0,0,0,0,,smoky,0,0,0,1,0,0,0,0,0,0,0,0,0,0,,separate_structure,0,0,1,0,,,,,,,,,,,,,,,,,,,,,,,,,,,,,,,,,,,,,,,,,,,,,,,,,,,,,,,,,,,,,,,,,,,,,,,,,,,,,,,,,,,,,,,,,,,,,,,,,,,,,,,,,,,,,,,,,,,,,,,,,,,,,,,,,,,,,,,,,,,,,,,,,,,,,,,,,,,,,,,,,,,,233136299,52
2023-04-20 11:29:41.393000+03:00,2023-04-20 15:27:03.155000+03:00,kanyanya,2023-04-20 11:29:00+03:00,female,no,,,percolator,1,0,0,0,0,0,0,0,0,0,0,0,0,0,0,kosko,Em093,correct,own,home,30,5,3000,yes,yes,yes,9,,,,,,,,,,,,,umeme,1,0,0,0,0,0,,d,yes,1,charcoal firewood gas,0,1,1,0,1,0,,,convenient,0,0,1,0,0,0,0,0,0,0,0,0,0,0,0,0,,expensive,1,0,0,0,0,0,0,0,0,0,0,0,0,0,,,day,1,1,10,good_taste,0,0,0,1,0,0,0,0,0,0,0,0,0,0,0,0,,cooks_slowly,0,0,0,0,0,0,1,0,0,0,0,0,0,0,,outdoors,0,1,0,0,,,month,150,1,50,easy_to_get cooks_right_amount,0,1,0,0,0,0,0,1,0,0,0,0,0,0,0,0,,poor_quality smoky,0,0,1,1,0,0,0,0,0,0,0,0,0,0,,outdoors,0,1,0,0,,,,,,,,,,,,,,,,,,,,,,,,,,,,,,,,,,,,,,,,,,,,,,,,month,130,1,20,convenient modern,0,0,1,0,0,1,0,0,0,0,0,0,0,0,0,0,,not_safe,0,0,0,0,0,0,0,1,0,0,0,0,0,0,,indoors,1,0,0,0,,,,,,,,,,,,,,,,,,,,,,,,,,,,,,,,,,,,,,,,,,,,,,,,,,,,,,,,,,,,,,,,,,,,,,,,,,233136303,53
2023-04-20 12:03:32.408000+03:00,2023-04-20 15:26:57.987000+03:00,kanyanya,2023-04-20 12:03:00+03:00,male,no,,,percolator cooking_coils blender epc,1,0,1,0,0,1,1,0,0,0,0,0,0,0,0,kosko,EM-074,live_grd_reverse__missing_grd,own,home,50,4,4000,yes,yes,yes,1,,,,,,,,,,,,,umeme,1,0,0,0,0,0,,d,yes,1,gas charcoal,0,1,0,0,1,0,,,cooks_quickly,0,0,0,0,0,0,1,0,0,0,0,0,0,0,0,0,,expensive,1,0,0,0,0,0,0,0,0,0,0,0,0,0,,,month,80,1,60,cheap,1,0,0,0,0,0,0,0,0,0,0,0,0,0,0,0,,poor_quality,0,0,1,0,0,0,0,0,0,0,0,0,0,0,,indoors,1,0,0,0,,,,,,,,,,,,,,,,,,,,,,,,,,,,,,,,,,,,,,,,,,,,,,,,,,,,,,,,,,,,,,,,,,,,,,,,,,,,,,,,,,,,,,,,,,,,,month,235,1,50,convenient modern,0,0,1,0,0,1,0,0,0,0,0,0,0,0,0,0,,not_safe,0,0,0,0,0,0,0,1,0,0,0,0,0,0,,indoors,1,0,0,0,,,,,,,,,,,,,,,,,,,,,,,,,,,,,,,,,,,,,,,,,,,,,,,,,,,,,,,,,,,,,,,,,,,,,,,,,,233136304,54